<?xml version="1.0" encoding="UTF-8"?>
<project-private xmlns="http://www.netbeans.org/ns/project-private/1">
    <editor-bookmarks xmlns="http://www.netbeans.org/ns/editor-bookmarks/2" lastBookmarkId="0"/>
    <open-files xmlns="http://www.netbeans.org/ns/projectui-open-files/2">
        <group>
            <file>file:/C:/Users/Asus%20GK/Documents/Folder%20Kuliah/Folder%20Semester%203/Praktikum/PBO/Pengujian%20Akhir/code/sistemKost/sistemKost/src/sistemkost/SistemKost.java</file>
            <file>file:/C:/Users/Asus%20GK/Documents/Folder%20Kuliah/Folder%20Semester%203/Praktikum/PBO/Pengujian%20Akhir/code/sistemKost/sistemKost/src/gui/MenuRegister.java</file>
            <file>file:/C:/Users/Asus%20GK/Documents/Folder%20Kuliah/Folder%20Semester%203/Praktikum/PBO/Pengujian%20Akhir/code/sistemKost/sistemKost/src/controller/ControllerAccount.java</file>
            <file>file:/C:/Users/Asus%20GK/Documents/Folder%20Kuliah/Folder%20Semester%203/Praktikum/PBO/Pengujian%20Akhir/code/sistemKost/sistemKost/src/controller/InterfaceDatabase.java</file>
            <file>file:/C:/Users/Asus%20GK/Documents/Folder%20Kuliah/Folder%20Semester%203/Praktikum/PBO/Pengujian%20Akhir/code/sistemKost/sistemKost/src/controller/ControllerDatabase.java</file>
        </group>
    </open-files>
</project-private>
